Age,Pop,Prop,
0,17917,0.017917,
1,17802,0.017802,
2,17701,0.017701,
3,17613,0.017613,
4,17536,0.017536,
5,17470,0.01747,
6,17414,0.017414,
7,17366,0.017366,
8,17327,0.017327,
9,17293,0.017293,
10,17263,0.017263,
11,17233,0.017233,
12,17199,0.017199,
13,17160,0.01716,
14,17115,0.017115,
15,17069,0.017069,
16,17018,0.017018,
17,16952,0.016952,
18,16866,0.016866,
19,16765,0.016765,
20,16656,0.016656,
21,16546,0.016546,
22,16434,0.016434,
23,16323,0.016323,
24,16212,0.016212,
25,16094,0.016094,
26,15971,0.015971,
27,15851,0.015851,
28,15735,0.015735,
29,15621,0.015621,
30,15504,0.015504,
31,15376,0.015376,
32,15233,0.015233,
33,15070,0.01507,
34,14890,0.01489,
35,14702,0.014702,
36,14510,0.01451,
37,14307,0.014307,
38,14091,0.014091,
39,13865,0.013865,
40,13629,0.013629,
41,13391,0.013391,
42,13163,0.013163,
43,12949,0.012949,
44,12745,0.012745,
45,12538,0.012538,
46,12320,0.01232,
47,12091,0.012091,
48,11845,0.011845,
49,11585,0.011585,
50,11320,0.01132,
51,11048,0.011048,
52,10757,0.010757,
53,10443,0.010443,
54,10113,0.010113,
55,9774,0.009774,
56,9435,0.009435,
57,9095,0.009095,
58,8757,0.008757,
59,8423,0.008423,
60,8087,0.008087,
61,7750,0.00775,
62,7425,0.007425,
63,7113,0.007113,
64,6812,0.006812,
65,6517,0.006517,
66,6221,0.006221,
67,5923,0.005923,
68,5618,0.005618,
69,5311,0.005311,
70,5005,0.005005,
71,4706,0.004706,
72,4412,0.004412,
73,4125,0.004125,
74,3844,0.003844,
75,3569,0.003569,
76,3300,0.0033,
77,3035,0.003035,
78,2773,0.002773,
79,2518,0.002518,
80,2271,0.002271,
81,2033,0.002033,
82,1807,0.001807,
83,1594,0.001594,
84,1392,0.001392,
85,1203,0.001203,
86,1025,0.001025,
87,863,0.000863,
88,718,0.000718,
89,589,0.000589,
90,475,0.000475,
91,374,0.000374,
92,287,0.000287,
93,212,0.000212,
94,152,0.000152,
95,106,0.000106,
96,76,0.000076,
97,62,0.000062,
98,66,0.000066,
99,90,0.00009,
100,20,0.00002,
101,10,0.00001,
102,5,0.000005,
103,4,0.000004,
104,3,0.000003,
105,2,0.000002,
106,2,0.000002,
107,1,0.000001,
108,1,0.000001,
109,1,0.000001,
110,1,0.000001,
